No,Keyword,Search Volume,CPC,Paid Difficulty,SEO Difficulty
1,"viagem ou viajem","74,000","R$0,33","1","77"
2,"viagem cvc","22,200","R$0,53","49","39"
3,"viagem ao centro da terra","22,200","R$0,23","72","85"
4,"viagem de chihiro","18,100","R$0,12","4","56"
5,"viagem ao centro da terra filme","14,800","R$0,48","1","91"
6,"viaje na viagem","14,800","R$1,67","1","80"
7,"viagem 2 a ilha misteriosa","12,100","R$0","1","90"
8,"viagem net","9,900","R$0,76","47","59"
9,"viagem maldita","9,900","R$1,32","1","78"
10,"viagem no tempo","9,900","R$0,26","1","76"
11,"viagem para gramado","8,100","R$0,96","58","70"
12,"viagem de avião","6,600","R$0,87","47","70"
13,"viagem internacional","6,600","R$0,87","40","60"
14,"viagem de onibus","6,600","R$0,85","47","43"
15,"viagem astral","6,600","R$1,08","9","59"
16,"viagem de cruzeiro","5,400","R$0,91","48","61"
17,"viagem ao fundo do mar","5,400","R$0,56","38","95"
18,"viagem para disney","4,400","R$0,92","55","52"
19,"viagem para portugal","4,400","R$0,84","54","72"
20,"viagem a lua","4,400","R$0","1","81"
21,"viagem para porto seguro","4,400","R$1,65","61","67"
22,"viagem para maldivas","3,600","R$0,76","51","53"
23,"viagem das amigas","3,600","R$1,69","1","77"
24,"viagem 3","2,900","R$1,43","1","87"
25,"viagem aerea","2,900","R$1,77","65","38"
26,"viagem barata","2,900","R$1,35","68","56"
27,"viagem para o chile","2,400","R$0,61","51","67"
28,"viagem em ingles","2,400","R$2,52","1","14"
29,"viagem em familia","2,400","R$0,99","12","51"
30,"viagem para natal","2,400","R$1,28","60","69"
31,"viagem gol","2,400","R$0,68","47","60"
32,"viagem para argentina","2,400","R$0,52","46","70"
33,"viagem e viajem","1,900","R$6,60","5","73"
34,"viagem de navio","1,900","R$1,04","40","64"
35,"viagem brasil","1,900","R$1,07","28","65"
36,"viagem cruzeiro","1,900","R$0,86","48","61"
37,"viagem 1","1,900","R$0","1","64"
38,"viagem cancun","1,900","R$1,45","56","35"
39,"viagem gramado","1,900","R$1,46","64","38"
40,"viagem chile","1,900","R$0,55","48","67"
41,"viagem viajem","1,600","R$0,13","15","23"
42,"viagem para arraial do cabo","1,600","R$1,50","61","71"
43,"viagem insolita","1,600","R$0","1","79"
44,"viagem ou viajem qual o correto","1,600","R$0,04","1","72"
45,"viagem e turismo","1,600","R$1,15","21","89"
46,"viagem interestadual","1,600","R$1,30","9","68"
47,"viagem rio de janeiro","1,600","R$1,05","54","73"
48,"viagem nordeste","1,300","R$1,04","48","66"
49,"viagem estados unidos","1,300","R$0,58","27","72"
50,"viagem turística em navio luxuoso","1,300","R$1,02","1","12"
51,"viagem frases","1,300","R$0","1","51"
52,"viagem maldita 2","1,300","R$0,06","1","83"
53,"viagem maldivas","1,300","R$0,73","56","53"
54,"viagem disney","1,300","R$0,74","55","54"
55,"viagem significado","1,300","R$0","1","73"
56,"viagem onibus","1,300","R$1,05","51","34"
57,"viagem 1 a ilha misteriosa","1,300","R$0","1","95"
58,"viagem no tempo filme","1,300","R$0","1","73"
59,"viagem fernando de noronha","1,000","R$0,75","58","69"
60,"viagem com g ou j","1,000","R$0,08","6","7"
61,"viagem europa","1,000","R$0,63","34","63"
62,"viagem para campos do jordão","1,000","R$1,73","61","72"
63,"viagem beto carrero","1,000","R$0,88","61","66"
64,"viagem jericoacoara","1,000","R$0,94","59","72"
65,"viagem é ditongo tritongo ou hiato","880","R$0","1","26"
66,"viagem espacial","880","R$0","1","89"
67,"viagem natal","880","R$1,41","47","33"
68,"viagem latam","880","R$1,37","57","36"
69,"viagem maragogi","880","R$1,08","63","70"
70,"viagem maceio","880","R$1,32","59","36"
71,"viagem fortaleza","880","R$0,83","52","73"
72,"viagem encantada","720","R$0,24","99","48"
73,"viagem fantástica","720","R$0,15","4","89"
74,"viagem casal","720","R$2,80","46","32"
75,"viagem romantica","720","R$0,71","30","55"
76,"viagem lua de mel","720","R$1,02","43","59"
77,"viagem sinonimo","720","R$0","1","55"
78,"viagem é com g ou com j","720","R$0,04","1","81"
79,"viagem campos do jordão","720","R$1,34","56","71"
80,"viagem tam","720","R$1,28","51","34"
81,"viagem egito","720","R$1,08","61","55"
82,"viagem jalapão","590","R$0,96","71","49"
83,"viagem sao paulo","590","R$1,40","49","70"
84,"viagem google","590","R$1,93","13","23"
85,"viagem 2 a ilha misteriosa filme completo dublado","590","R$3,40","7","76"
86,"viagem 2 a ilha misteriosa elenco","590","R$0","1","90"
87,"viagem internacional barata","590","R$1,00","51","52"
88,"viagem uruguai","590","R$0,52","38","58"
89,"viagem foz do iguaçu","590","R$0,99","60","65"
90,"viagem italia","590","R$0,61","39","53"
91,"viagem buenos aires","590","R$0,74","53","70"
92,"viagem bahia","590","R$1,08","47","63"
93,"viagem tailandia","590","R$0,47","41","53"
94,"viagem turismo","590","R$1,14","40","77"
95,"viagem mexico","590","R$0,60","46","62"
96,"logotipo viagem","480","R$1,91","1","19"
97,"como apagar viagem do uber","480","R$14,08","1","6"
98,"viagem grecia","480","R$0,53","42","60"
99,"viagem 99","480","R$2,40","45","32"
100,"viagem romantica sp","480","R$0,58","40","44"
101,"viagem virtual","480","R$1,19","38","62"
102,"viagem ilhas maldivas","480","R$0,72","52","67"
103,"viagem orlando","480","R$1,74","49","75"
104,"viagem bonito","480","R$1,12","53","34"
105,"viagem recife","390","R$1,17","49","68"
106,"viagem viagem","390","R$0,99","12","22"
107,"viagem separar silabas","390","R$0","1","35"
108,"viagem perto de sp","390","R$0,80","18","60"
109,"como fazer viagem astral","390","R$0,71","12","71"
110,"viagem japão","390","R$0,50","51","55"
111,"viagem lua de mel brasil","390","R$1,49","35","53"
112,"viagem sozinha","390","R$1,18","27","44"
113,"como agendar viagem no uber","390","R$2,46","21","70"
114,"viagem salvador","390","R$1,11","51","69"
115,"viagem e gastronomia","390","R$0","2","58"
116,"viagem com padre fábio de melo 2021","390","R$0,40","22","76"
117,"viagem israel","390","R$0,88","49","64"
118,"viagem x viajem","320","R$0,10","10","17"
119,"viagem florianopolis","320","R$0,95","59","65"
120,"viagem barata para casal","320","R$1,20","68","26"
121,"viagem julho","320","R$1,19","47","33"
122,"viagem é com g ou j","320","R$0,10","4","7"
123,"viagem chile preço","320","R$0,53","55","59"
124,"como compartilhar viagem no uber","320","R$3,93","8","8"
125,"viagem brasil portugal","260","R$0,97","21","66"
126,"viagem sp","260","R$1,08","41","59"
127,"viagem virtual pelo mundo","260","R$1,18","22","66"
128,"viagem brasil estados unidos","260","R$0,73","13","71"
129,"viagem 3 da terra à lua dublado","260","R$5,50","2","64"
130,"viagem uber","260","R$2,57","25","77"
131,"viagem com cachorro","260","R$0,50","84","41"
132,"viagem interior sp","260","R$0,62","43","57"
133,"viagem santa cruz","260","R$0,47","33","49"
134,"viagem barata sp","260","R$1,21","67","34"
135,"viagem sao jose","260","R$1,48","15","18"
136,"viagem las vegas","260","R$0,80","42","71"
137,"viagem literária","210","R$0","1","69"
138,"viagem lenta","210","R$0","1","79"
139,"viagem monte verde","210","R$0,78","62","67"
140,"o que significa viagem","210","R$0","1","69"
141,"viagem final de semana","210","R$0,89","55","65"
142,"viagem dia dos namorados","210","R$1,15","64","60"
143,"viagem 4","210","R$0","1","90"
144,"viagem online","210","R$1,24","43","59"
145,"viagem com lucinho","210","R$0,55","7","71"
146,"viagem turquia","210","R$1,03","40","58"
147,"viagem joao pessoa","210","R$1,47","63","33"
148,"viagem kayak","210","R$0,87","58","36"
149,"o que é viagem","210","R$1,83","3","67"
150,"viagem gastronomia","210","R$2,01","16","23"
151,"viagem ao mundo animal.com.br","210","R$0,07","11","9"
152,"como cancelar viagem uber","210","R$0,03","1","70"
153,"viagem londres","210","R$0,57","45","77"
154,"viagem substantivo","210","R$0,09","2","19"
155,"viagem com estilo","210","R$0,78","6","68"
156,"viagem jerusalem","210","R$0,71","45","62"
157,"viagem surpresa","210","R$1,44","14","53"
158,"tipo de viagem","170","R$0,88","7","16"
159,"viagem hotel urbano","170","R$1,12","55","30"
160,"viagem hawaii","170","R$0,64","49","54"
161,"o que é viagem interestadual","170","R$0","1","70"
162,"viagem ushuaia","170","R$0,72","53","59"
163,"viagem 123 milhas","170","R$1,75","58","31"
164,"viagem de trem sp","170","R$0,42","11","65"
165,"viagem wallpaper","170","R$0","1","19"
166,"viagem com milhas","170","R$1,60","54","55"
167,"viagem 2022","170","R$1,45","67","69"
168,"viagem 1 filme","170","R$0","1","90"
169,"viagem letra","170","R$0","1","73"
170,"viagem world","170","R$0,47","6","20"
171,"viagem usa","170","R$0,57","25","73"
172,"viagem jamaica","140","R$0,52","41","52"
173,"viagem gratuita para idosos","140","R$0,32","4","7"
174,"viagem los angeles","140","R$0,99","41","62"
175,"viagem ubatuba","140","R$1,42","55","66"
176,"viagem como se escreve","140","R$0,27","6","7"
177,"viagem hurb","140","R$0,75","41","31"
178,"viagem gramado e canela","140","R$1,53","75","28"
179,"é viagem ou viajem","140","R$0,07","9","8"
180,"o que levar viagem","140","R$0,36","7","8"
181,"viagem cancun preço","140","R$0,86","61","32"
182,"viagem ou viajem exemplos","140","R$0","1","76"
183,"viagem e hospedagem","110","R$2,61","69","34"
184,"viagem trancoso","110","R$1,52","62","70"
185,"viagem ou viajem como se escreve","110","R$0,08","5","7"
186,"viagem que sonhamos","110","R$0","2","14"
187,"viagem é verbo","110","R$0","1","73"
188,"viagem havai","110","R$0,59","45","55"
189,"o que é viagem intermunicipal","110","R$0","1","45"
190,"viagem verbo","110","R$0,01","1","19"
191,"viagem trip","110","R$0,75","39","26"
192,"viagem japão preço","110","R$0,45","49","51"
193,"o que levar viagem internacional","110","R$0","1","6"
194,"viagem 3 a ilha misteriosa","110","R$0","1","89"
195,"viagem ouro preto","110","R$0,54","50","62"
196,"viagem olimpia","90","R$3,78","80","43"
197,"viagem trem curitiba","90","R$0,56","33","24"
198,"viagem tulum","90","R$1,07","48","33"
199,"viagem hotel fazenda","90","R$0,76","62","69"
200,"viagem 2 a ilha misteriosa netflix","90","R$0","1","53"
201,"viagem web","90","R$2,12","42","31"
202,"viagem sao thomé das letras","90","R$0,79","74","47"
203,"viagem é ditongo","90","R$0","1","27"
204,"viagem e cia","90","R$0","6","46"
205,"viagem ou viagens","90","R$0","1","14"
206,"viagem é verbo ou nome","90","R$0","1","5"
207,"viagem holanda","70","R$0,43","29","27"
208,"viagem julho 2021","70","R$1,20","68","59"
209,"viagem tem quantas sílabas","70","R$0","1","47"
210,"viagem que vai lembrança que fica","70","R$0,23","100","63"
211,"youtube viagem ao fundo do mar","70","R$0","1","5"
212,"viagem litoral norte","70","R$1,45","57","31"
213,"viagem são paulo rio de janeiro","70","R$2,11","52","21"
214,"viagem 2 elenco","70","R$0","1","13"
215,"viagem qatar","70","R$0,16","13","23"
216,"viagem perto de brasilia","70","R$0,77","13","10"
217,"viagem é substantivo","70","R$0","1","13"
218,"viagem proximo a sao paulo","70","R$1,93","29","14"
219,"viagem final de semana casal sp","70","R$1,35","60","24"
220,"viagem 4 dias brasil","70","R$0,45","28","14"
221,"viagem 7 de setembro","50","R$1,28","72","27"
222,"viagem 5 dias","50","R$0,90","27","22"
223,"viagem rota 66","50","R$0,64","13","18"
224,"viagem são miguel dos milagres","50","R$0,87","53","22"
225,"para viagem em ingles","50","R$0","1","6"
226,"viagem rapida e barata","50","R$1,21","65","25"
227,"viagem e viajem diferença","50","R$0","1","5"
228,"viagem 3 dias brasil","50","R$0,62","38","17"
229,"viagem uruguai pacote","50","R$1,00","58","31"
230,"viagem romantica final de semana sp","50","R$1,68","45","19"
231,"viagem xamanica","50","R$0,52","5","20"
232,"viagem rio de janeiro onibus","50","R$2,92","55","22"
233,"viagem 3 dias","50","R$0,64","46","27"
234,"viagem zarpo","50","R$1,23","35","29"
235,"viagem onibus rio de janeiro","50","R$3,01","52","21"
236,"o que é viagem internacional","50","R$0","1","6"
237,"viagem ou viajem dicionario","50","R$0","1","5"
238,"qual viagem internacional mais barata","40","R$0,74","48","20"
239,"viagem interior sp casal","40","R$1,23","64","25"
240,"viagem perto do rio de janeiro","40","R$0,65","14","10"
241,"o que levar viagem 3 dias","40","R$0","1","6"
242,"viagem holambra","40","R$0,52","57","36"
243,"viagens 99","40","R$0,81","29","27"
244,"viagem voluntariado","40","R$1,97","41","31"
245,"para viagem nacional precisa de passaporte","40","R$0,06","1","6"
246,"99 viagem gratis","40","R$0,19","34","24"
247,"viagem xre 300","30","R$0,44","100","44"
248,"viagem perto de curitiba","30","R$0,86","23","13"
249,"viagem perto de campinas","30","R$0,62","17","11"
250,"quando usar viagem e viajem","30","R$0","1","6"
251,"viagem kombi","30","R$0","14","23"
252,"viagem vasco da gama","30","R$0","1","6"
253,"viagem 3d","30","R$0","29","27"
254,"viagem zupper","30","R$1,43","62","37"
255,"viagem perto de bh","30","R$0,80","15","10"
256,"viagem 94","20","R$0","1","19"
257,"viagem 4x4","20","R$0,37","61","37"
258,"viagens youtube","20","R$0","1","18"
259,"viagem proximo a brasilia","20","R$0,94","31","15"
260,"viagem 7 dias","20","R$0,44","11","17"
261,"viagem 0800","20","R$2,60","14","23"
262,"viagem youtube","20","R$0","1","18"
263,"viagem é trissilaba","20","R$0","1","13"
264,"viagem zen","20","R$0","34","29"
265,"viagem vitoria da conquista","20","R$0,24","45","19"
266,"viagem rio de janeiro aviao","20","R$2,16","52","21"
267,"viagem 2 dias","20","R$1,77","79","37"
268,"viagem romantica proximo a sp","20","R$1,93","71","27"
269,"o que levar viagem para praia","20","R$0","1","5"
270,"viagem washington","20","R$1,26","48","33"
271,"viagem hotel fazenda sp","20","R$1,17","90","33"
272,"viagem 4 dias america do sul","20","R$0","16","11"
273,"viagem 1 dia","20","R$0,50","46","27"
274,"viagem 07 de setembro","20","R$1,34","82","30"
275,"viagem 4 rodas","20","R$0","94","42"
276,"viagem kombinada","20","R$0","1","19"
277,"viagem ou viajem exercicios","20","R$0","1","5"
278,"viagem wikipedia","20","R$0","1","19"
279,"onde comprar viagem barata","20","R$1,48","85","31"
280,"viagem quantica","20","R$1,06","9","21"
281,"viagem ou viajem diferença","10","R$0","2","6"
282,"viagem xt 600","10","R$0","28","22"
283,"viaje na viagem santo andre","10","R$0","1","5"
284,"viagem 5 dias uruguai","10","R$0","1","5"
285,"viagem proximo ao rj","10","R$0","1","6"
286,"viagem são luis do maranhão","10","R$3,34","38","17"
287,"viagem sao paulo onibus","10","R$0,78","47","20"
288,"onde comprar viagem de cruzeiro","10","R$2,12","74","28"
289,"viagem ushuaia preço","10","R$4,07","85","39"
290,"para viagem nacional é necessário passaporte","10","R$0","2","6"
291,"viagem sao paulo fortaleza","10","R$1,83","58","23"
292,"viagem é essa véi","10","R$0","1","5"
293,"viagem como se separa","10","R$0","3","7"
294,"a viagem 83","10","R$0","1","13"
295,"viagem 5 dias brasil","10","R$2,49","20","12"
296,"viagem 9° ano","10","R$0,54","12","17"
297,"viagem gratis buser","10","R$1,12","19","19"
298,"viaje na viagem são paulo","10","R$0","1","5"
299,"viagem xre 190","10","R$0,95","100","44"
300,"viagem 5 dias america do sul","10","R$0,23","46","20"
301,"viagem sao paulo aviao","10","R$1,12","50","21"
302,"por que fazer seguro viagem","10","R$0","47","20"
303,"a viagem 85","10","R$0","1","13"
304,"viagem gramado preço","10","R$1,15","58","31"
305,"viagem é a unica coisa que voce compra","10","R$0","1","5"
306,"porque viagem de navio se chama cruzeiro","10","R$1,36","3","6"
307,"viagem 3 dias onde ir","10","R$4,57","66","25"
308,"viagem whindersson nunes","10","R$3,81","8","16"
309,"viagem feriado 07 de setembro","10","R$1,36","79","29"
310,"viagem perto e barata","10","R$0","57","23"
311,"viagem 9 ano","10","R$0,77","30","23"
312,"viagem ao país da infância","10","R$0,37","6","7"
313,"viagem 1 dia sp","10","R$1,12","48","20"
314,"viagem zanzibar","10","R$0,27","42","31"
315,"para viagem ou para viajem","10","R$0","1","6"
316,"viagem 2021","10","R$1,61","59","36"
317,"viagem sao paulo recife","10","R$0,92","94","34"
318,"viagem 5 dias o que levar","10","R$0","1","5"
319,"qual viagem revista digital","10","R$0","2","6"
320,"viagem feriado 02 de novembro","10","R$7,17","74","28"
321,"para viagem nacional precisa de autorização do pai","10","R$12,61","1","6"
322,"o que viagem astral","10","R$0","5","7"
323,"viagem 4 dias casal","10","R$0,86","71","27"
324,"viagem 77","10","R$0","1","18"
325,"viagem zurich","10","R$0,70","42","31"
326,"viagem walt disney","10","R$0,73","24","21"
327,"viagem washington dc","10","R$1,14","50","29"
328,"viagem 3 fronteiras","10","R$0","7","16"
329,"a viagem 89","10","R$0","1","13"
330,"viagem 9 de julho","10","R$0","1","5"
331,"viagem xingu","10","R$0","1","18"
332,"viagem quarentena","10","R$0,74","1","19"
333,"viagem 1 classe","10","R$1,75","33","23"
334,"viagem 4x4 atacama","10","R$0","28","22"
335,"viagem 01 de janeiro","0","R$0","1","4"
336,"viagem hiato","0","R$0","1","17"
337,"com viagem google","0","R$0","1","12"
338,"viagem 8 dias italia","0","R$0","1","4"
339,"viagem proximo a campinas","0","R$0","1","4"
340,"viagem kaissara","0","R$0","1","17"
341,"viagem 6 pessoas","0","R$0","1","12"
342,"viagem perto de uberlandia","0","R$0","1","4"
343,"viagem 3 da terra à lua data de lançamento","0","R$0","1","4"
344,"viagem yan","0","R$0","1","17"
345,"quem criou viagem no tempo","0","R$0","1","4"
346,"viagem yosemite","0","R$0","1","17"
347,"viagem whindersson nunes mexico","0","R$0","1","4"
348,"viagem 7 mundos","0","R$0","1","12"
349,"viagem 1975","0","R$0","1","17"
350,"tipo de viagem de cada signo","0","R$0","1","4"
351,"viagem 2 a ilha misteriosa tem na netflix","0","R$0","1","4"
352,"quando viagem é com j","0","R$0","1","4"
353,"viagem que o arthur ganhou","0","R$0","1","4"
354,"viagem feriado corpus christi 2021","0","R$0","1","4"
355,"porque viagem se escreve com j","0","R$0","1","4"
356,"quem pagou viagem de lula a cuba","0","R$0","1","4"
357,"com viagem de avião","0","R$0","1","4"
358,"viagem vacina covid","0","R$0","1","12"
359,"viagem kuwait","0","R$0","1","17"
360,"porque de viagem","0","R$0","1","12"
361,"viagem 9 ano forma","0","R$0","1","4"
362,"viagem uniao europeia","0","R$0","1","12"
363,"viagem 7 dias peru","0","R$0","1","4"
364,"viagens 6","0","R$0","1","17"
365,"viagem na pandemia","0","R$0,94","1","12"
366,"viagem fim de semana","0","R$0","1","4"
367,"com viagem no tempo","0","R$0","1","4"
368,"quem autoriza viagem de menor","0","R$0","1","4"
369,"onde assistir viagem ao fundo do mar","0","R$0","1","4"
370,"viagem mortal nora roberts","0","R$0","1","4"
371,"viagens 66","0","R$0","1","17"
372,"viagem 1 dwayne johnson","0","R$0","1","4"
373,"viagem proximo a bh","0","R$0","1","4"
374,"viagem quem escreveu","0","R$0","1","12"
375,"qual viagem o gil ganhou","0","R$0","1","4"
376,"viagem 7 dias nordeste","0","R$0","1","4"
377,"viagem onde tem neve","0","R$0","1","4"
378,"quando usar viagem com g ou j","0","R$0","1","4"
379,"aplicativo parecido com viagem","0","R$0","1","4"
380,"viagem mexico covid","0","R$0","1","12"
381,"jogo parecido com a viagem de chihiro","0","R$0","1","4"
382,"viagem xamanica letra","0","R$0","1","12"
383,"onde viagens","0","R$0","1","17"
384,"viagem 50 anos","0","R$0","1","12"
385,"viagem 500 km","0","R$0","1","12"
386,"filme tipo viagem maldita","0","R$0","1","4"
387,"viagem kyoto","0","R$0","1","17"
388,"viagem zanzibar preço","0","R$0","1","12"
389,"para onde viagem internacional no outono","0","R$0","1","4"
390,"quem criou viagem ao fundo do mar","0","R$0","1","4"
391,"porque viagem é com j","0","R$0","1","4"
392,"viagem campos do jordão casal","0","R$0","1","4"
393,"viagem zimbabwe","0","R$0","1","17"
394,"quem paga viagem de lula","0","R$0","1","4"
395,"por que viagem é com g e viajar é com j","0","R$0","1","4"
396,"qual viagem foi a mais longa de que lugar saiu e quais foram suas paradas","0","R$0","1","4"
397,"viagem yamaha neo","0","R$0","1","12"
398,"viagem proximo a goiania","0","R$0","1","4"
399,"viagem que gil ganhou no bbb","0","R$0","1","4"
400,"por que a viagem espacial pode ocasionar osteoporose no astronauta","0","R$0","1","4"
401,"quanto viagem de avião","0","R$0","1","4"
402,"viagem 5 dias nordeste","0","R$0","1","4"
403,"viagem quando se usa","0","R$0","1","4"
404,"viagem ao mundo animal","0","R$0","1","4"
405,"filmes tipo viagem no tempo","0","R$0","1","4"
406,"filmes tipo viagem ao centro da terra","0","R$0","1","4"
407,"viagem wemobi","0","R$0","1","17"
408,"porque viagem","0","R$0","1","17"
409,"viagem kombi brasil","0","R$0","1","12"
410,"porque viagem e viajem","0","R$0","1","4"
411,"viagem yunk vino","0","R$0","1","12"
412,"viagem junho 2021","0","R$0","1","12"
413,"porque viagem com ge viajem com j","0","R$0","1","4"
414,"viagem ou passeio","0","R$0","1","12"
415,"quem compos viagem","0","R$0","1","12"
416,"viagem xamanica como fazer","0","R$0","1","4"
417,"porque viagem é com g e viajar é com j","0","R$0","1","4"
418,"viagem 1 a ilha misteriosa filme completo dublado online","0","R$0","1","4"
419,"viagens 01","0","R$0","1","17"
420,"viagem dia dos namorados 2021","0","R$0","1","4"
421,"viagem como se escreve em inglês","0","R$0","1","4"
422,"viagem 4 dias o que levar","0","R$0","1","4"
423,"viagem yucatan","0","R$0","1","17"
424,"viagem 40 anos","0","R$0","1","12"
425,"qual viagem mais longa de avião","0","R$0","1","4"
426,"viagem zen brasil","0","R$0","1","12"
427,"viagem internacional covid","0","R$0","1","12"
428,"por que boa viagem","0","R$0","1","4"
429,"quando viagens voltam ao normal","0","R$0","1","4"
430,"99 viagem compartilhada","0","R$0","1","12"
431,"viagem quantas sílabas tem","0","R$0","1","4"
432,"viagem proximo rio de janeiro","0","R$0","1","4"
433,"viagem ao mundo animal eldorado","0","R$0","1","4"
434,"viagem e hospedagem rio de janeiro","0","R$0","1","4"
435,"viagem 82","0","R$0","1","17"
436,"viagem como foi","0","R$0","1","12"
437,"viagem registro xícara","0","R$0","1","12"
438,"viagem 60 anos","0","R$0","1","12"
439,"viagem hurb confiavel","0","R$0","1","12"
440,"viagem km","0","R$0","1","17"
441,"viagem de 03 dias","0","R$0","1","4"
442,"viagem mt 07","0","R$0","1","12"
443,"filme parecido com viagem ao centro da terra","0","R$0","1","4"
444,"viagem 65","0","R$0","1","17"
445,"porque a viagem ao centro da terra é impossivel","0","R$0","1","4"
446,"viagem zona de conforto","0","R$0","1","4"
447,"viagem karaoke","0","R$0","1","17"
448,"viagem 600 km","0","R$0","1","12"
449,"viagem é oxitona paroxitona ou proparoxitona","0","R$0","1","4"
450,"viagem outubro 2021","0","R$0","1","12"
451,"viagens 60 mais","0","R$0","1","12"
452,"tipo de viagem horario ordinario","0","R$0","1","4"
453,"quem é viagem astral","0","R$0","1","4"
454,"anime parecido com viagem no tempo","0","R$0","1","4"
455,"qual viagem é narrada na obra explique","0","R$0","1","4"
456,"para viagem nacional precisa de teste de covid","0","R$0","1","4"
457,"a viagem 87","0","R$0","1","12"
458,"quando a viagem entra no globoplay","0","R$0","1","4"
459,"viagem onde usar","0","R$0","1","12"
460,"viagem 800","0","R$0","1","17"
461,"viagem no mundo animal","0","R$0","1","4"
462,"viagem 7 dias eua","0","R$0","1","4"
463,"por que viagem é com g","0","R$0","1","4"
464,"viagem yellowstone","0","R$0","1","17"
465,"viagem onde encontrar","0","R$0","1","12"
466,"viagem 7 maravilhas do mundo","0","R$0","1","4"
467,"viagem ou jornada onde as pessoas vão até o lugar ou cidade sagrada de sua religião ou cultura","0","R$0","1","4"
468,"viagem 99 gol","0","R$0","1","12"
469,"viagem proximo a curitiba","0","R$0","1","4"
470,"tipo viagens","0","R$0","1","17"
471,"viagem mundo animal","0","R$0","1","12"
472,"viagem yoga","0","R$0","1","17"
473,"viagem perto de sp natureza","0","R$0","1","4"
474,"viagem 7 dias praia o que levar","0","R$0","1","4"
475,"por que as viagens marítimas foram importantes para filosofia","0","R$0","1","4"
476,"por que viagem no tempo é impossivel","0","R$0","1","4"
477,"viagem quando uso","0","R$0","1","12"
478,"qual viagem mais cara do mundo","0","R$0","1","4"
479,"tipo de viagem em ingles","0","R$0","1","4"
480,"com viagem de ônibus","0","R$0","1","4"
481,"viagem mt 03","0","R$0","1","12"
482,"viagem kombi home","0","R$0","1","12"
483,"tipo de viagem abordada pela série dark","0","R$0","1","4"
484,"60 viagem","0","R$0","1","17"
485,"para viagem lanchonete","0","R$0","1","12"
486,"viagem 7 de setembro 2020","0","R$0","1","4"
487,"próximo viagem","0","R$0","1","17"
488,"viagem quantas sílabas","0","R$0","1","12"
489,"8 viagem","0","R$0","1","17"
490,"viagem uruguai covid","0","R$0","1","12"
491,"viagem quando usa","0","R$0","1","12"
492,"viagem porque preciso","0","R$0","1","12"
493,"quando viagem","0","R$0","1","17"
494,"para viagem travel box brazil","0","R$0","1","4"
495,"viagem proximo a ribeirao preto","0","R$0","1","4"
496,"viagem onde o real vale mais","0","R$0","1","4"
497,"6 viagem","0","R$0","1","17"
498,"viagem gramado 2021","0","R$0","1","12"
499,"viagem como planejar","0","R$0","1","12"
500,"por que nao viagem","0","R$0","1","4"
501,"viagem que segue","0","R$0","1","12"
502,"por que as viagens marítimas nesse período eram aventuras tão arriscadas","0","R$0","1","4"
503,"quem escreveu viagem no espelho","0","R$0","1","4"
504,"viagem perto de ribeirao preto","0","R$0","1","4"
505,"viagem vacina eua","0","R$0","1","12"
506,"viagem 4 filme","0","R$0","1","12"
507,"viagem 5 dias chile","0","R$0","1","4"
508,"viagem 3 da terra à lua trailer","0","R$0","1","4"
509,"a viagem 88","0","R$0","1","12"
510,"onde assistir viagem maldita","0","R$0","1","4"
511,"viagem 8 dias o que levar","0","R$0","1","4"
512,"viagem uk","0","R$0","1","17"
513,"viagem 5 dias nova york","0","R$0","1","4"
514,"a viagem quem é o pai do filho da sofia","0","R$0","1","4"
515,"porque boa viagem tem tubarão","0","R$0","1","4"
